title,company,location,date,link
Development Manager - Executive reporting,Action1,"Budva, Montenegro",2026-09-22,https://me.linkedin.com/jobs/view/development-manager-executive-reporting-at-action1-4464531234?position=1&pageNum=0&refId=XZkP%2Fk6SfWsixG49n7LeTQ%3D%3D&trackingId=mcjQ%2F3NHhDL7i4wONKTq4A%3D%3D
Development Manager - Integrations,Action1,"Budva, Montenegro",2026-09-22,https://me.linkedin.com/jobs/view/development-manager-integrations-at-action1-4465161315?position=4&pageNum=0&refId=XZkP%2Fk6SfWsixG49n7LeTQ%3D%3D&trackingId=mowzsyiWjHNhxSSY4t8Skg%3D%3D
Apple Finance Graduate Programme 2027,Apple,"Cork, County Cork, Ireland",2026-09-21,https://ie.linkedin.com/jobs/view/apple-finance-graduate-programme-2027-at-apple-4468774095?position=5&pageNum=0&refId=XZkP%2Fk6SfWsixG49n7LeTQ%3D%3D&trackingId=jM7SQ6QxEuc7Buz%2BWVmVbQ%3D%3D
Station Manager,Air France-KLM,"Velika Gorica, Zagreb, Croatia",2026-09-25,https://hr.linkedin.com/jobs/view/station-manager-at-air-france-klm-4472006950?position=1&pageNum=2&refId=roAFyDTf32V27toUnAFuzA%3D%3D&trackingId=XdQ48lG4ECFiJsfVFXM9wQ%3D%3D
Head of Office,Sigma Software,"Tirana, Tirana, Albania",2026-09-21,https://al.linkedin.com/jobs/view/head-of-office-at-sigma-software-4467620725?position=5&pageNum=2&refId=roAFyDTf32V27toUnAFuzA%3D%3D&trackingId=6WjAb2%2FOKzTl4gila6OHiA%3D%3D
Video Editor,Aurcode,"Tirana, Tirana, Albania",2026-09-24,https://al.linkedin.com/jobs/view/video-editor-at-aurcode-4471468492?position=7&pageNum=2&refId=roAFyDTf32V27toUnAFuzA%3D%3D&trackingId=lxl0jmKgcoIQ1d2hocstIg%3D%3D
Cabin Engineer - Malta Recruitment Event,Air Arabia,Malta,2026-09-25,https://mt.linkedin.com/jobs/view/cabin-engineer-malta-recruitment-event-at-air-arabia-4472016765?position=8&pageNum=2&refId=roAFyDTf32V27toUnAFuzA%3D%3D&trackingId=Pl4tOB3KftpFU%2B4ikP18iw%3D%3D
Preparador de Vehículos,astara,"Las Palmas de Gran Canaria, Canary Islands, Spain",2026-09-21,https://es.linkedin.com/jobs/view/preparador-de-veh%C3%ADculos-at-astara-4414635520?position=9&pageNum=2&refId=roAFyDTf32V27toUnAFuzA%3D%3D&trackingId=IK5VpBvTqc34Ciq09%2Bu%2F4A%3D%3D
Senior Partnerships Manager,Remote,Liechtenstein,2026-09-26,https://li.linkedin.com/jobs/view/senior-partnerships-manager-at-remote-4466544742?position=2&pageNum=5&refId=dkif6XWamV1fyh%2FRXuhPzg%3D%3D&trackingId=EAac935Hifsv9i5bWI076Q%3D%3D
"Associate Solutions Architect , AWS Finland",Amazon Web Services (AWS),"Helsinki, Southwest Finland, Finland",2026-09-25,https://fi.linkedin.com/jobs/view/associate-solutions-architect-aws-finland-at-amazon-web-services-aws-4463155204?position=4&pageNum=5&refId=dkif6XWamV1fyh%2FRXuhPzg%3D%3D&trackingId=qWsrvWLlD2lamjvSXmUJtA%3D%3D
B2 - Certifying Engineer - Malta Recruitment Event,Air Arabia,Malta,2026-09-25,https://mt.linkedin.com/jobs/view/b2-certifying-engineer-malta-recruitment-event-at-air-arabia-4472025132?position=6&pageNum=5&refId=dkif6XWamV1fyh%2FRXuhPzg%3D%3D&trackingId=m4OS8EArOwdoR93CbE0u%2Bw%3D%3D
Audit Consultant,Deloitte,"Tirana, Tirana, Albania",2026-09-22,https://al.linkedin.com/jobs/view/audit-consultant-at-deloitte-4468573465?position=7&pageNum=5&refId=dkif6XWamV1fyh%2FRXuhPzg%3D%3D&trackingId=vgS0SyoTJrJ0OL%2FXr4Qqzg%3D%3D
